normalized_used_price,normalized_new_price
4.307572449,4.715100245
5.162096647,5.519017936
5.111083765,5.884630724
5.135386588,5.630960854
4.389994804,4.947837479
4.413888608,5.060694494
3.878259375,4.518958489
4.729421148,5.18872569
4.886054204,5.299916088
4.773223771,5.073610093
4.26703657,4.713665782
4.657383057,4.770176021
5.236615523899999,6.213967894
4.617592706,5.398750764
4.111365547,4.487512143
4.411221293,4.866225902
5.022366217,5.517934708
4.777020443,5.193179048
4.248638089,4.792313433
4.267877613,5.517051209
4.556295018,5.304001183
4.45213555,5.48438191
4.560800238,5.195730778
4.595624773,5.39771011
4.426521875,5.006091654
5.213467289,6.039968956
4.636668853,5.631426812
4.905496976,5.520380334
4.820442843,5.39603374
4.577901759,5.558024257
4.872828107,5.478970866
4.170533701,4.598246271
4.709440107,5.765661212
5.133088887,5.51877732
5.236615523899999,7.244220373
4.644390899,5.0681492
5.18245748,6.310336373
4.322143925,4.95342982
5.065439086,5.672429397
4.931375613,5.634110801
4.997685135,6.107267847
4.99653637,5.294560318
4.537426534,5.306731865
4.705286977,5.010968572
5.236615523899999,7.438006989
5.236615523899999,6.477264628
5.014826499,6.313729189
5.143474781,5.67029463
4.839293241,5.250281918
4.936629881,5.704781975
5.236615523899999,5.856932654
5.001190835,5.556287375
5.236615523899999,5.9652489
5.236615523899999,5.885520528
5.058853866,5.562948291
5.043683148,5.637785112
4.607467545,5.638105528
3.579343567,4.70311326
3.982295058,5.016551095
4.282068168,4.59764192
4.363608049,4.711779921
4.181439269,4.505460342
4.555244377,4.602165677
4.416669578,4.871296595
3.989909544,4.381026134
3.495598057,4.113002744
4.726768158,5.20136584
5.214881408,5.775141434
3.940610462,4.591071262
4.779375562,5.066133071
4.463721822,4.938064601
3.896096855,4.606768907
4.423648309,5.524974737
5.236615523899999,5.992264227
4.676839473,5.062468443
5.056182109,5.191233144
4.879082894,5.601491318
4.350148896,5.299466706
3.875566468,5.015689168
4.734442522,6.768240306
5.236615523899999,6.55079458
4.636959508,5.481430277
4.230767603,4.870683334
4.709620287,5.82953368
5.236615523899999,7.003174544
4.696928611,5.766225051
4.255328982,4.944353031
4.08933202,4.606369467
4.64352514,5.082211493
4.550608398,5.304299438
4.461877016,5.248023572
4.582310892,4.864607093
4.373994463,4.694645192
4.517649588,5.300415165
4.887940214,5.704049106
4.358630057,5.191066176
3.335413641,3.925925911
5.167866937,6.272027589
4.665512415,5.526329049
4.290185431,5.195176608
4.721084811,5.830679408
4.842295535,5.388660686
4.959412173,6.040659391
3.335413641,3.926714554
3.335413641,3.664842876
3.335413641,4.244630641
3.335413641,4.094844437
3.335413641,3.884240624
4.829672813,5.704848573
5.186882886,7.090784918
4.186011751,5.004885462
3.616308761,4.100160948
4.055430469,4.591983624
3.335413641,3.399863159
3.335413641,2.911263117
5.236615523899999,6.216845593
3.370738174,3.699077279
3.335413641,3.688379329
5.236615523899999,6.609308811
5.236615523899999,6.474106722
5.236615523899999,6.686160528
5.236615523899999,6.686647155
5.170881643,6.153455837
5.009634794,5.910254492
5.033895988,5.672842052
5.116615618,6.253482598
4.578312732,4.782479201
5.236615523899999,5.98838481
4.868380247,6.088023946
4.57037168,5.01588814
4.936199063,5.632572862
4.94178527,5.800667172
4.656718448,5.556287375
5.236615523899999,6.780830585
4.322011202,4.605670061
4.457713717,5.437252881
4.02463715,5.009968405
5.236615523899999,6.803360963
4.702659807,5.302060353
4.941570991,5.0141624
4.498364182,4.606569207
3.335413641,3.690877457
4.288677032,4.611351045
4.32611744,5.348202169
4.915665057,6.508292123
4.180522258,5.34563025
5.020849617,5.985371019
5.036303041,5.802239214
4.378896742,4.80557721
4.084294226,4.791151704
4.919469846,5.393172898
3.629394807,4.246493239
3.974809994,4.699388861
4.29374172,4.382276603
5.175471537,5.700042155
5.052864298,5.766694674
4.801065863,5.068904202
5.236615523899999,6.446116566
4.847331743,5.702781974
4.823260994,5.249652195
4.95434709,5.857447322
5.236615523899999,6.447290015
5.192623462,5.599199434
5.236615523899999,6.04545545
4.770599875,5.79331844
5.064302435,5.435249221
5.104732617,5.801816215
4.417755682,4.886809035
4.601664047,5.55971963
4.59360355,4.941928096
4.907346705,5.245812813
4.94071342,6.594864794
5.236615523899999,6.461014949
4.911109575,6.215967174
5.144350003,6.015376367
3.966132331,4.485598051
5.206859756,5.635896134
4.735671994,5.523458921
4.956108708,5.304746654
4.755829062,5.736217396
4.614625345,5.071291288
4.761831996,5.440511132
5.116315759,5.561604282
4.382151627,4.607966273
3.379292546,4.6998438
4.421487704,5.199380619
4.523526197,5.013098924
4.131800899,4.405498991
4.857950206,5.52589109
4.33781348,5.196616812
4.852498904,5.664244378
4.977492076,5.301312876
5.120923648,5.523139508
5.026246142,5.563792173
4.966753066,5.198718001
4.344065128,4.49535532
3.421000009,4.39222446
4.967310169,5.295513439
5.236615523899999,7.823341763
5.236615523899999,6.211302641
5.192289962,6.107267847
4.792396362,5.129188404
4.886280713,5.56819182
4.687395126,4.939282497
5.236615523899999,6.394693824
4.652053772,5.740146547
4.272211769,4.493232533
4.408059812,4.485936098
4.498697941,5.080658745
4.57316339,4.872292344
5.236615523899999,6.708779812
5.236615523899999,6.312478634
4.297421451,4.383650316
3.803992261,4.120986493
3.931433399,4.102643365
5.236615523899999,6.217723241
5.029718709,6.15296671
4.450152464,5.002468705
4.339249605,4.412192049
4.466367783,4.695467824
5.051905188,5.520660598
5.018008048,5.884157694
4.903346996,5.634075062
4.477791257,4.943355241
4.466597536,5.076423035
3.961574784,4.507116246
4.776093698,5.202852175
4.803775113,5.297717186
4.831747834,5.067456614
4.476199805,4.689695141
4.609859175,4.781892764
5.17252736,6.211262508
4.797194518,5.391352233
4.220095768,4.49635928
4.415944853,4.86753445
5.180209278,5.515845179
4.679349584,5.188167623
4.055776969,4.793059547
4.53999146,5.523937848
4.294560609,5.296114943
4.899852698,5.488152294
4.829033478,5.185652461
4.860277413,5.392080896
4.388008706,5.009100784
4.633951987,6.033589692
5.041552397,5.641694282
4.865455368,5.522939824
4.971686544,5.388889065
5.058980915,5.568535325
4.980931815,5.48309424
4.218183299,4.609460967
4.916690848,5.766412927
5.097485547,5.521900821
5.236615523899999,7.243134061
4.365643155,5.080161357
5.236615523899999,6.309245325
4.651003602,4.942570563
5.071354029,5.674010316
4.99531859,5.635789104
4.978869391,6.109825194
5.037147389,5.299716387
4.949043538,5.294660689
4.403054002,5.016219672
5.236615523899999,7.439289002
5.236615523899999,6.478140911
5.236615523899999,6.311517
5.214772701,5.666841827
4.894401058,5.242434609
5.025589586,5.698970918
4.943212618,5.86144128
5.017147378,5.55971963
5.236615523899999,5.969730055
5.236615523899999,5.883935014
5.180209278,5.55898789
4.837313121,5.635146682
4.861671141,5.638069931
3.959097413,4.701025672
4.335197047,5.012034315
4.405132623,4.605370166
4.4959132,4.702115392
4.370712875,4.487287145
4.417996878,4.605969866
4.423288532,4.866071843
3.918203865,4.381276353
3.509154523,4.102478062
4.683426684,5.189171919
5.053758638,5.768070965
4.145196092,4.602165677
4.515245478,5.077795376
4.390366759,4.947198388
3.806440243,4.595523809
4.447228998,5.523818137
5.236615523899999,5.996626203
4.541058241,5.06594385
4.866995844,5.188335076
4.739963282,5.595157377
4.720550337,5.296916386
3.758405517,5.021377391
5.236615523899999,6.768504706
4.633951987,6.550094135
4.232801305,5.483218926
4.319752215,4.862908382
5.021970804,5.832234322
5.236615523899999,7.003347237
4.955756633,5.772655339
4.367800927,4.93691699
4.043752776,4.635020208
4.396299294,5.080285727
4.707997496,5.301562097
4.541484634,5.24676088
4.48661185,4.86190324
4.105943698,4.692539832
4.170688129,5.297617121
4.989411658,5.701112246
4.539564429,5.194511198
3.335413641,3.931041011
5.15358057,6.271536486
4.74927053,5.526209625
4.31935304,5.191622628
4.874891933,5.832351575
4.80557721,5.395625549
5.218841165,6.042917829
3.335413641,3.891820298
3.335413641,3.686125666
3.404857342,4.268997904
3.335413641,4.083957469
3.335413641,3.87036733
5.034156489,5.697294809
5.236615523899999,7.087982979
4.160756328,4.996468754
3.690627925,4.087487775
3.988243031,4.617888958
3.335413641,3.386422096
3.335413641,3.011605623
4.602667056,6.214388074
3.335413641,3.689129423
3.335413641,3.684620397
5.236615523899999,6.605054319
5.235164552,6.478525003
5.079850363,6.685761067
5.236615523899999,6.684361696
5.236615523899999,6.154454616
5.047866851,5.911609322
5.126045146,5.668017118
5.094302196,6.254136457
4.515026636,4.785907155
5.236615523899999,5.990338914
4.900225013,6.085250839
4.514369822,5.006894974
5.037212309,5.638141123
5.093320661,5.793196518
5.032266314,5.56202688
5.236615523899999,6.779649143
4.022848561,4.61244367
4.273745191,5.440337627
4.09700768,4.991928067
4.701661486,6.803039
4.798514106,5.299916088
4.932169121,5.010768619
4.383151002,4.600459106
3.335413641,3.709906821
4.335720882,4.601061758
4.151669629,4.716979861
4.08142817,4.792147554
5.236615523899999,6.218878965
5.126282718,6.06194631
5.236615523899999,5.935528915
5.236615523899999,6.7807284
5.083699865,6.685673664
4.59036107,6.927597121
4.955756633,5.936110387
4.989071116,6.396179374
4.997685135,7.003628936
5.236615523899999,6.396729635
3.984343667,4.866148876
4.454579827,5.557098295
4.7051965,5.401640809
4.314015424,5.435990172
4.358246106,4.871219958
4.053522568,4.488411625
3.990279503,5.140434732
3.335413641,3.873905683
4.538068382,4.604770106
4.175002465,4.626050664
4.995657011,5.882458506
4.42424765,4.605969866
4.210645018,4.386640972
4.414977735,5.63917284
5.236615523899999,6.907335191
5.236615523899999,6.684724221
5.204446151,5.8518001
5.236615523899999,6.779603675
4.562680134,5.891809944
4.539564429,5.307078872
4.327966358,5.521220889
4.304335327,4.351438553
4.170842533,4.222737777
3.764218811,3.896300045
4.05386973,5.303901745
4.796864349,5.704815274
4.476882166,6.08201341
5.174226981,5.885464938
4.588329169,5.085186025
4.836599317,5.257755755
4.691072615,5.438296677
3.335413641,3.918998619
4.182202803,4.867688285
3.848230872,4.600860914
4.46326094,5.253372301
3.713572067,4.39592954
3.989354348,5.080410082
4.307303088,4.604169686
4.432244351,4.949823155
4.357990057,4.941285216
4.124226937,4.609859175
4.129550818,4.709800435
4.297149343,5.016020766
3.78487122,4.404154987
4.363862664,4.944851554
5.066006927,5.793988743
4.632298853,5.128951521
4.710160633,5.52684639
3.781686504,4.784737955
4.337682821,5.439773525
4.368307963,5.434376811
4.430935839,5.303304908
4.070564034,4.69701984
4.998832582,5.862095907
4.590969837,5.391215549
3.781686504,4.710610698
3.616577542,4.507226542
4.556295018,5.294710871
4.354141431,5.017941869
4.624188192,5.517854422
4.226687749,5.188390887
4.488524004,5.301910902
3.721104601,4.862676516
3.89914038,4.493232533
3.755369195,4.377767578
3.642049867,4.859812404
4.028916757,5.303503893
4.348728349,5.014693714
4.342375829,5.560412364
4.154969184,5.192345553
4.405010471,5.300564839
4.49903159,5.307128435
3.840312158,4.509429914
4.66334475,5.29576411
4.094344562,4.707546253
4.063369758,5.009834974
4.065945088,4.497584975
4.294424174,5.307623926
3.63758616,4.600961341
4.405254761,4.863835309
4.040943785,4.585477553
4.433788569,4.856706812
3.470723444,5.138441999
4.631617356,5.826914144
3.335413641,4.610356713
4.060270582,5.764846216
4.611549793,5.242963206
4.513712575,4.793059547
4.254193263,5.201035244
3.485844856,4.611052849
4.343805422,5.199601394
3.757238792,5.145748768
4.126004715,4.709890497
4.291965156,4.595927605
3.832763324,4.786574656
3.997650091,4.257454983
4.065945088,5.190676475
4.721885986,5.440033919
3.952588967,5.065249734
4.537961436,5.130904126
4.105119635,4.61045619
4.428074948,4.850153504
4.338727617,4.594008121
4.013857311,4.248209487
4.560800238,4.929280615
4.284689402,4.787991618
4.6404408,5.557599964
4.651767471,5.24549659
3.934371409,4.6025668
4.410614092,5.299266916
4.371218436,5.006894974
4.543720224,5.193456726
4.07973841,5.295312858
3.998567607,4.389002248
4.632396172,5.306731865
3.335413641,4.097672352
4.332442405,4.942855972
4.390118805,5.002871903
4.026422546,4.706733501
3.999484281,4.372481222
4.555664766,5.389938934
4.351180755,5.301113454
3.850360345,4.384274107
4.268717949,4.796699224
4.35850209,4.619467491
3.674526948,4.085303818
4.138999203,4.78857449
4.129550818,4.880982086
4.288539792,5.441161511
4.475744639,4.862908382
3.955465563,4.872445449
4.261552481,5.527085073
4.577593418,5.306384738
4.135806352,4.780718858
4.385894146,4.602667056
4.244917421,4.870453263
4.097340071,4.602265973
3.974246349,4.377139713
4.911404104,5.524177225
3.961955374,4.377642036
3.341801172,4.064057161
3.335413641,3.919197209
3.335413641,3.67832394
3.927699485,4.86190324
3.539508997,4.362206507
3.586292865,4.795873187
3.335413641,3.323956301
3.90499839,5.183467525
4.160912273,4.865378281
3.927305629,4.51338379
3.645449896,4.115942962
4.596230344,5.516850305
4.554718642,5.634146539
4.536248741,6.127938481
3.335413641,4.394572604
3.921775297,4.590259573
3.385745277,3.685373315
3.335413641,3.932413695
3.601413428,3.907613297
3.335413641,3.371768571
3.335413641,3.01406323
4.742755849,5.637820719
4.162781724,4.940641922
3.56671182,4.799008503
3.994708372,4.38887811
3.335413641,4.224787858
3.335413641,3.525183361
4.411706789,5.637108341
3.943134,5.298867215
4.222884351,5.291292752
3.998384171,5.07567369
3.335413641,4.104954741
4.004055091,5.671155972
4.234251422,4.954770161
3.715277928,4.701752284
3.711618941,4.255754544
3.912422925,4.870376562
3.937495801,4.60366906
3.557346064,4.3797741
3.335413641,4.264087337
4.793805105,5.888268354
4.55744945,5.911798852
3.643620548,5.068212139
3.335413641,4.866995844
3.335413641,3.934957977
4.674696249,5.913421921
3.526654599,4.801969762
3.609294975,5.390075792
3.667144962,5.136621628
3.54702783,5.589044797
3.996731733,5.435467205
3.63968921,4.602065371
3.387774361,4.610257225
3.756538103,4.953782716
4.123093976,5.010835274
4.234541193,5.862067454
4.812997033,6.430783428
4.365643155,5.398117452
4.491441421,5.391488897
4.930870326,5.803265753
5.185540529,6.106866974
4.829273277,5.395897695
4.050044303,5.00428182
5.181839728,6.039015849
4.863758098,6.105997864
4.617395156,6.039015849
4.534425781,5.704948461
4.628984364,5.297967305
4.323205074,5.185428584
4.072439727,5.084319367
4.649952329,5.704915166
4.277915338,5.525492779
3.860519163,5.302259586
3.663561646,4.781976562
4.052654135,5.124261554
3.529004086,4.860432367
3.983971505,4.617395156
4.720550337,5.700276335
3.716737782,4.947482479
4.308110952,5.478094021
4.266756065,4.944424264
5.053439323,6.19068419
3.564449376,4.396545721
3.664074335,4.941356667
3.335413641,4.509649984
3.809103951,5.438905055
3.957760897,5.441551535
4.326249619,5.703449086
3.852485293,5.441291535
3.335413641,4.482889551
3.89324785,5.12942523
3.971988587,5.079725939
3.462292481,4.867226711
4.421728002,5.828268918
4.414009681,5.669260041
5.009301071,6.153795959
4.045504397,5.734667258
4.378144107,4.505460342
4.829992328,5.06940722
3.880738715,4.242620879
4.629472479,4.795625243
4.197953545,4.395312979
4.292375413,5.241217775
4.324662317,5.016219672
3.335413641,2.942331497
4.338988645,5.396940235
3.568969157,4.852811209
3.655064106,5.0681492
4.137563681,5.596531284
4.589447226,5.885631698
3.360028105,4.399620943
3.510350696,4.614129927
3.743841012,4.800572482
4.34549231,5.304349139
3.606584211,5.436861176
4.033000932,5.436904706
3.335413641,3.047850228
3.335413641,4.249066507
4.035478809,5.134856817
4.672641901,5.127884854
4.154655409,4.699479865
4.082777926,4.207822046
3.335413641,3.925728652
4.157319361,4.784737955
3.998751009,4.514698283
4.216857137,5.068589687
3.925728652,5.137679021
4.261693475,4.585987367
4.937060513,6.310081901
4.794632851,6.110158279
5.236615523899999,7.003846972
5.236615523899999,6.778898657
5.236615523899999,7.131154798
5.236615523899999,7.047795444
5.236615523899999,6.74521282
4.923478452,5.859075359
4.522114611,6.906754779
5.175414999,6.644830858
5.120684799,6.554659636
5.236615523899999,6.803094518
5.236615523899999,6.594071404
4.669458676,5.966505649
4.750568389,6.534979989
4.68111219,6.309081565
5.236615523899999,6.535546014
4.437461342,5.707840895
4.633077139,6.152605027
5.170370352,6.217503902
5.236615523899999,6.744671484
4.463145686,5.886187361
4.591983624,6.086706543
4.37298589,5.991739509
4.25177557,6.040944949
3.93064847,5.890262042
4.628398312,5.857075644
4.42208834,5.601417468
3.879706404,5.800031607
4.666359354,5.703148941
4.573576314,5.696824994
4.411828126,5.016948656
4.289637185,4.863680881
4.332573751,4.605370166
3.976686519,5.002132582
4.687303016,5.704715373
5.236615523899999,5.991739509
5.225854195,5.70388247
5.050881123,5.857561657
4.11038194,5.525652122
4.244056835,5.303155643
4.42604352,5.140083361
4.616209033,5.21123326
4.322409318,4.862908382
4.824225391,5.519939761
4.231784971,4.934401988
4.306494572,5.013564334
4.322939892,5.294861402
3.658162481,4.347693956
4.333623895,5.63045881
4.424487286,5.480930547
4.029094677,5.484838426
3.336125385,4.774406503
4.476086033,5.632608655
3.824065727,5.437470428
4.727918651,5.701346176
4.462799845,5.738280515
4.383151002,4.787491743
4.203497876,4.386018656
4.614724399,6.855693268
4.194642284,4.62045281
4.399129543,5.075173815
4.727299319,6.217184776
5.152597712,5.990363942
4.548599834,5.523818137
4.573576314,5.070914758
4.465103197,5.51765368
4.935049307,5.964350255
4.993828176,5.991339539
4.57460788,5.191733881
4.507336826,5.020849617
4.608464753,5.516850305
4.600559573,5.666115221
4.677490848,5.202356975
4.739089004,5.396396437
4.999911331,5.5139125
4.342895917,5.600272098
4.841901011,5.704582155
4.456902169,4.769497479
4.08311508,5.00816558
4.258587006,5.192845734
5.172584061,5.993287884
5.034807446,6.08893149
4.967379785,5.768633447
4.082103276,4.796038449
4.837709459,5.634253745
4.137882864,4.860897087
4.392348184,5.242117317
4.462453884,5.636716317
5.092522454,5.697227706
5.008900457,5.825675571
4.487062098,5.436512865
4.333755086,5.078356246
4.911477723,5.639137281
4.388257184,5.3378265
5.054141682,5.701078823
4.749443675,5.438296677
4.670021158,5.797272818
4.446760449,5.140844508
3.87036733,4.681297546
3.822973189,4.503801692
4.210645018,5.01349786
3.985273467,4.700934808
3.822973189,4.264087337
3.994708372,5.067456614
4.421367533,5.191177491
4.787658396,5.52469568
4.783483721,5.080036971
3.8019849,4.85624014
4.658521361,5.134915695
4.799502655,5.857675979
4.457018145,5.597532675
4.309590341,5.734117674
4.657762636,5.402001478
4.358374106,5.299366816
4.450736133,5.354508646
4.565389316,5.071604954
4.193435465,4.690797272
4.337421451,5.704215714
4.529476342,5.6327876
4.135166557,4.958569772
4.831986983,5.635682062
3.777119243,5.199325417
4.547223226,5.52058053
4.75272775,5.702681869
4.703928958,5.393491173
3.678829118,4.503801692
4.518195172,5.080472254
4.271932712,5.991164502
4.17699924,4.373490304
3.523119986,4.594412529
4.727387819,5.297917287
4.219654753,5.078729985
4.191773708,5.482553756
4.226249633,5.480555587
4.397653891,5.344246298
3.976123931,4.606669062
4.597541159,5.483011107
4.494015137,5.010368592
4.357990057,4.868380247
4.374624305,5.297567085
4.151197374,4.87458645
4.252202647,5.345010095
5.236615523899999,5.991939434
4.811126886,5.395398704
4.073971772,4.61244367
4.474377896,5.772997544
4.700207601,5.524177225
4.242620879,6.235586505
5.236615523899999,5.555011741
4.419924358,5.301362725
4.567468319,5.53057922
3.75630443,4.780551045
4.253482784,4.859657354
4.012411179,4.86591776
4.365388994,5.707176708
4.284551613,5.34958066
4.594210346,5.668224379
5.187720945,6.592989738
4.59036107,5.525612289
4.469694046,5.015092015
4.584252938,5.404612445
4.400480313,5.442461
4.730392151,5.858932655
5.236615523899999,5.992988385
4.327834406,4.601664047
4.273605886,4.859967431
4.226541732,5.561335264
5.236615523899999,6.908245159
4.987912407,5.431973751
4.162781724,4.695741884
4.961094849,5.797970813
3.925136645,4.385395952
4.12341781,4.6025668
4.287166354,5.300564839
3.930255774,5.011301739
4.061304708,5.802299628
4.693913396,5.853035466
4.946274535,5.709300555
4.107918682,6.217444073
4.578518155,5.966274936
4.475175389,5.301562097
4.682131227,5.671982162
5.008098746,5.701312761
4.346269915,5.299117047
4.513054897,5.601306683
4.085471984,4.385894146
4.250350663,5.198773236
4.214495163,6.063994489
4.335982696,5.136268915
3.798406279,4.781054401
3.739572568,4.495801649
4.549128795,5.964966556
4.085640122,4.953782716
4.852264611,4.869378902
3.602776755,4.234106505
4.014940539,4.790819533
3.969725716,4.6987516
4.042700329,4.574195382
4.55008022,5.138617988
4.422208424,5.515241618
3.335413641,4.256746818
4.132282402,4.369954053
3.335413641,4.069710281
4.099497927,4.61005822
4.715995741,5.126995095
3.917010547,4.376385755
4.541591204,5.48147191
4.646695933,5.738538106
4.243339115,4.707185111
3.995260604,4.941356667
3.916015027,4.371597439
3.903990834,4.803365092
3.827771453,5.243808381
4.159195535,5.355642433
4.356452384,5.007630785
4.373112017,4.876417952
3.335413641,4.263665307
4.260000234,5.003610679
4.001315113,4.703747749
3.798630318,4.391481793
4.394819456,5.563370321
4.027670429,5.009301071
4.694919478,5.670914871
4.038831852,5.190787834
3.335413641,4.231639696
3.335413641,4.262398147
4.235265253,4.782814153
3.713572067,4.268017718
3.936130081,4.872139217
4.224202549,5.242328856
4.057507672,5.074173315
4.431649785,5.885298151
3.768614422,4.860819649
4.504244267,5.349485653
4.24506078,4.93820796
3.586569835,5.306434335
4.220242729,5.484215852
3.621938048,4.489983776
3.670460869,4.381776603
4.0084235,5.346011692
3.664842876,4.774406503
3.335413641,3.041183536
3.335413641,3.042138646
3.335413641,3.041183536
3.555348061,4.615813346
3.335413641,4.379398183
3.335413641,3.71210758
3.847377812,4.623108331
3.888549649,4.606569207
4.27652722,4.856551279
4.016563185,4.865069877
3.929666441,4.611549793
3.405521353,4.397161522
3.335413641,3.362802994
3.335413641,3.394843908
3.335413641,3.007166651
4.199755077,5.439947129
4.192076051,5.442028024
3.581572601,5.187665096
4.004602187,5.072545364
4.416186486,5.398207949
4.153242203,5.562180507
4.231784971,5.195453731
5.086608193,5.969039986
4.579339426,5.736894826
4.464067345,5.440381006
4.472552661,5.245391161
4.286753954,5.127825562
4.279024447,5.240158452
4.722508678,5.560950826
4.511189123,5.346154696
4.784821514,5.911744704
4.623501143,5.670983763
4.054563692,5.069595787
4.606369467,5.247602852
4.653579325,5.393536633
4.3447141,5.700978547
4.604670061,5.336094731
4.432719749,5.444407072
4.733827218,5.561911643
4.765331338,5.694876265
4.127295662,5.190565104
4.484018984,5.439773525
4.069710281,5.597569744
3.853121898,4.705739241
4.969743853,6.107089701
4.202301704,5.79963796
4.777020443,6.802339206
5.236615523899999,6.476695401
4.81818259,5.828298349
4.618875833,6.087229169
3.335413641,4.948263313
4.306898912,6.130073651
3.486151088,5.519819572
4.149621578,4.942784627
3.335413641,4.940784912
3.662792119,4.38688979
3.493776563,4.390986376
3.654288009,4.398023008
4.085640122,4.786491242
3.950281718,4.474149924
3.335413641,4.093177214
3.537184091,4.608664075
3.335413641,3.684118137
3.693120448,4.380149875
3.758172281,4.053001599
3.765608987,4.505460342
3.335413641,3.905602438
3.335413641,3.349553149
3.335413641,2.951780386
3.335413641,3.025776395
3.335413641,3.023347441
3.335413641,3.068517943
3.898532415,4.507005937
3.335413641,3.884651809
3.335413641,4.070564034
3.335413641,3.934371409
4.035478809,5.297116646
3.335413641,4.256463412
4.312408568,4.930870326
3.335413641,3.639163862
3.335413641,3.659193144
3.335413641,2.977568303
3.335413641,3.383712067
3.335413641,3.683112859
3.335413641,3.384729189
4.335720882,4.787825021
4.493791598,4.883029169
4.187075661,4.239454497
4.634146294,5.007095704
4.564348191,5.85904682
4.132121927,4.784570814
4.443004135,5.30420003
4.527532916,5.344055258
4.53464042,6.04339264
4.231784971,4.702206148
4.55039716,5.207133661
4.201553369,5.190398024
4.207226719,4.379523504
4.146146061,5.299067085
4.107096246,4.769158036
4.91125685,5.941748955
4.046553898,4.871219958
4.274858931,5.193567775
4.204095426,4.686381441
4.131158535,4.774490931
4.590259573,5.301263024
4.349890765,5.082521753
4.243339115,5.021179508
4.964730962,6.129268051
4.658047226,5.517332407
4.273466561,4.865455368
3.834061464,4.585171539
5.236615523899999,6.801738993
4.14472077,4.874051629
4.403910428,4.517758729
4.395066248,5.43929596
3.335413641,3.693618208
4.263524591,4.786074072
5.163470824,6.109669716
4.933538244,5.885409346
4.619368905,5.246286958
4.410006521,4.781976562
3.97724879,4.385271365
4.892902257,5.799122957
3.335413641,3.881976084
3.335413641,3.667144962
3.335413641,4.05958057
4.037068494,4.388008706
3.88567903,4.270536259
3.897924081,4.628593701
4.512616204,5.255201075
3.985830933,4.59643212
4.355682659,6.089452955
3.902376628,4.949610592
4.140114296,4.997279839
3.664586762,5.302608148
4.499365127,5.39648709
4.254761284,5.561296826
4.484921613,5.39494486
4.143610804,5.011035214
4.351567427,4.879994956
4.902975842,6.213807778
4.961655112,5.7676958
4.789073824,5.298367365
4.999506936,6.507695536
4.881513214,5.553889385
4.372481222,5.889957708
4.991656327,6.131726365
4.825670246,5.915042361
4.571303116,5.635503634
4.260141447,5.520700629
5.236615523899999,7.047204129
4.195395806,5.347583608
4.310262068,4.942713278
4.465563232,5.916633236
4.356452384,5.248864483
4.645640119,5.63432521
5.007497042,5.971236329
3.745968421,4.485485343
5.073359671,6.307478942
5.161695489,6.110025058
4.199905058,4.78574021
4.295106163,5.823726137
4.336898507,6.039516344
4.507667605,5.131613221
3.573468603,4.512287059
4.803036954,5.667740703
4.138520925,4.87557893
5.236615523899999,6.174743978
4.548494009,5.392672545
5.004885462,5.799153259
3.883829271,4.791068671
4.904904339,5.985672807
4.160912273,5.137737732
4.185555442,5.479054335
4.033709524,4.802380355
3.89324785,4.598246271
4.783232686,5.602635293
4.461415282,5.427106281
4.632104187,5.831325137
4.417031744,5.522580291
4.360675309,5.297066585
3.86388263,5.192289962
3.689129423,4.865532448
4.256179925,5.395534817
3.660222745,4.699297849
3.938664936,5.063923264
3.740047741,4.603268379
3.374511116,4.524285457
3.348850901,4.249209273
3.335413641,4.099166253
3.47010136,4.494908792
3.335413641,4.097173889
3.812865434,4.606968568
3.535145354,4.698113932
4.346787983,5.140844508
5.236615523899999,6.865974492
4.464988155,6.745083397
4.825028346,6.310845121
5.236615523899999,6.272367443
5.042586055,5.936955562
4.565077092,5.671810095
5.032201072,5.826059103
4.177306083,4.783734694
5.236615523899999,5.343147318
4.974178757,5.634396669
4.782144136,5.296165052
4.789822358,5.295964601
5.236615523899999,6.346828632
5.131081447,6.218121918
4.896570338,6.309263518
4.270955399,4.610356713
4.743278588,5.345391774
4.353241283,5.136386499
4.961234944,5.602598411
4.64851699,5.521660898
4.698296164,5.989412443
4.938637914,5.390303847
5.078667704,5.766381616
4.406475315,4.700389453
5.236615523899999,5.993612239
4.243769809,4.776093698
4.480400299,5.293103799
4.671613143,5.242170206
4.819555496,5.663828159
4.687303016,5.917091155
4.609759638,5.192734604
4.477450444,5.742682624
4.177459469,4.856551279
4.825670246,5.969448973
4.839767887,5.989713014
4.714114273,5.767038924
4.356324137,5.433765671
4.703928958,5.187665096
4.29374172,4.932169121
4.420405648,5.992014396
4.790487252,5.555630434
4.424607082,4.78548974
4.596835549,5.135739612
4.455393261,4.946416722
4.46383701,5.193512252
4.765416535,5.737604023
4.405132623,5.705481031
3.883006056,4.248209487
4.315352501,5.137913845
4.321878462,5.765253797
4.572337029,5.294409742
3.981362484,4.62399194
3.855875845,4.605070181
3.872658282,4.862057943
4.640151155,5.674628257
4.142658423,5.297517046
4.50821866,5.295062074
4.49880917,5.515644033
4.159195535,4.947198388
4.390862483,5.433328913
5.236615523899999,6.550308609
5.236615523899999,6.194772671
5.163585253,5.480263853
4.849135453,5.965608133
4.054216771,5.304050898
4.494350351,4.957445466
4.18235544,4.240607069
4.297285406,4.792230497
5.062088576,5.996277944
4.613039144,5.198938923
4.459450532,5.595863132
5.02427518,5.391671088
4.428790939,5.006627273
4.399006655,4.69217323
4.418238017,4.862753811
4.757719584,5.299616522
4.668426636,5.701813872
5.236615523899999,6.478325293
4.806640562,5.521940803
4.065945088,4.864452784
5.087411133,5.993687075
4.669364898,6.492724566
4.664570529,5.34834486
5.099744469,5.916309874
4.39432569,5.301163313
4.912140047,5.521020821
4.789572909,5.016882407
4.625364893,5.439426228
4.009875406,5.15282906
4.718409582,5.564903476
4.505681287,5.304050898
4.562053895,5.019198525
4.543826556,5.393991117
4.259435182,5.304846009
4.553771623,5.521540915
4.439351701,5.294158731
4.566325402,5.344437302
4.175770928,5.523578674
4.746409298,5.698568908
4.493456196,5.481513541
4.609560534,5.243174567
4.100326634,5.140024788
3.852060664,4.237723145
4.880526609,5.709996461
4.131640347,5.601269752
4.730745009,5.516367971
4.587515251,5.487945499
4.119524861,5.735830087
4.703294584,5.701346176
4.666359354,5.700376682
4.404766122,6.174972899
4.256605125,5.254887809
3.948354935,4.695193689
4.812021741,5.826000107
4.144879236,5.186603377
4.227855121,4.879006852
4.88741249,5.709333705
4.92180408,5.798031486
4.985454229,5.770007074
4.167285187,5.768320996
4.932889945,5.885937351
4.16852396,5.91609424
4.048649603,5.523219371
4.239454497,5.194788506
4.101651137,5.073359671
4.576153237,5.302408984
3.803992261,4.378520495
4.258445573,5.247287195
4.143928062,5.194178327
5.057773301,5.699774453
4.457481913,5.559527119
4.461761603,5.559488612
4.462684538,5.940434376
4.470037512,5.476003195
4.674696249,5.556094202
4.382901252,5.773370724
4.239166147,5.832351575
4.766608532,5.860472784
4.206333064,5.307376211
4.166355098,5.705181496
4.736461572,5.70348243
4.185403293,5.523379077
4.407572542,5.628052675
4.713755496,5.700109069
3.96726848,5.07991257
4.808682295,6.040326137
4.340292766,5.516327766
3.962906216,5.196616812
3.938664936,4.615120517
4.237000863,5.524137333
4.572956864,5.521340911
3.584351925,4.93562435
3.58407434,5.011368359
4.117409835,5.52317944
4.618382517,5.52001988
4.061649179,5.301312876
4.372102553,5.248654322
4.233526626,5.395126422
4.633757643,5.513307771
3.673511977,5.60241398
4.506233438,5.487780031
4.742320024,5.91242134
4.025351691,5.065880768
4.373616367,5.440858053
4.217004575,5.190342325
4.172847624,5.476589067
3.764218811,5.142949279
3.642835516,5.699171862
3.827336197,4.61234439
4.402931595,5.665561262
4.244200318,5.305590851
4.274580613,5.705514308
3.729301369,5.597458532
3.456316681,5.011634794
4.044804117,5.196173893
5.236615523899999,6.780864645
5.022959044,6.523312642
5.095956354,5.671775679
4.882650396,5.596642599
4.439233658,4.792976673
4.469006761,5.291745821
5.003409249,5.638354669
5.236615523899999,7.741042591
4.747884288,5.083823796
4.212127598,4.78256295
4.246636373,5.011901159
4.439587745,5.016352254
4.687026632,5.299916088
4.713396591,5.190565104
4.001498012,4.608265391
5.236615523899999,6.173931927
4.92180408,5.525452939
5.236615523899999,7.377940142
4.885525483,6.685561277
5.236615523899999,6.779842359
4.901415489,6.461671281
4.6226171,5.297967305
5.232978525,5.70388247
4.53635587,5.393673
4.721440968,5.702681869
4.855306142,5.865986355
4.81510691,5.389802057
4.944353031,5.988535261
4.037950562,4.598044861
3.999117712,4.499920775
4.416669578,4.951804895
4.091005661,5.021838965
5.236615523899999,7.170304142
4.701843073,6.425679069
4.694645192,6.087637991
4.626246512,5.387655202
4.282620578,5.007296393
4.515573652,5.129010747
4.508769412,5.01349786
4.773984259,5.390759802
4.976457842,5.968119152
4.888919535,5.705381196
4.617395156,5.798365117
4.480400299,5.136268915
4.858416081,5.706844449
4.673296015,7.089768455
5.13996621,5.993761906
4.260847213,6.086729271
4.494797129,5.302309388
4.41255584,5.019462883
4.643621372,5.195841575
4.853903508,5.598644157
4.815269024,5.196948872
4.668426636,5.515241618
5.052097084,5.862607925
4.469923037,5.699339285
4.432600921,4.874433673
4.531738908,5.071667676
4.211238314,4.610257225
4.383275854,5.074423534
4.367293635,4.943782987
4.140750935,4.780802755
4.146778872,4.475516978
4.406597289,6.107802094
4.08832649,5.796878083
4.401338946,5.446651161
4.194793034,5.132380839
4.694553747,5.522780047
4.638314785,5.988560334
5.236615523899999,6.826024481
4.677025623,5.990063566
4.175156205,5.311776386
4.939783553,5.630853295
4.859889921,5.861669025
4.599554447,5.706212852
4.870069696,5.483343596
4.767629114,5.437078809
4.097506226,5.011901159
4.98620598,5.639137281
4.384024637,4.602165677
4.666171208,5.299566586
3.694612986,4.393584584
4.111037785,4.701207374
4.179604406,5.345105528
4.285102653,6.067151629
4.427477898,5.829945118
4.94883081,5.520940783
4.579236804,5.293254572
4.878322207,5.706744749
4.588125751,5.303056121
4.351438553,5.235537298
4.527640983,5.701713669
4.580057485,5.860672257
4.157006323,4.526343405
4.12049952,5.805586674
4.83540851,5.525213867
3.936325298,4.712857991
4.019261756,4.863449194
4.460491175,5.197225505
4.307976353,5.128477587
5.097791105,5.990063566
4.725616339,5.439469646
4.039360254,5.148482361
4.58629313,5.915527981
4.097173889,4.943569137
4.01186834,4.688407785
3.509154523,4.38949865
3.735524462,4.864838512
4.398023008,5.299516647
5.090308703,6.212826512
4.497139442,5.193623295
4.548705649,5.000315562
4.32823021,4.610157727
3.977623463,5.200263426
3.730021397,4.874510064
4.802380355,5.568764263
4.364371699,5.829886351
4.331259518,5.138793946
3.540379446,4.255754544
4.301494224,5.517934708
4.412313327,5.204830523
4.184794465,5.60208192
3.874943997,4.602767301
4.898436637,5.855358414
4.362716386,5.483052675
3.897112393,5.524895015
4.564452353,5.704249032
5.058281948,5.858475864
3.555633735,4.603268379
4.435211888,5.075173815
4.161379964,5.708239195
4.862676516,5.803326105
3.335413641,4.590056548
3.335413641,4.096675178
4.25561271,5.516649361
3.471966453,4.688223741
3.585461495,5.014560912
3.915815804,5.242593218
3.974058396,4.989411658
3.335413641,3.924939231
4.145829505,5.083141985
4.362461479,5.204226443
4.034240638,5.436338664
3.706473763,4.515792375
3.942746178,4.765416535
3.335413641,4.233526626
3.958333908,5.34958066
3.708927149,5.523339153
4.363480717,5.56574571
4.028560822,5.141429611
3.829293358,5.07467369
4.591476859,5.444709455
4.752123599,5.73879563
3.78487122,4.622223941
5.055034881,5.518255787
3.930255774,5.133265821
4.368054477,5.140551828
3.924741778,5.191733881
3.463546007,4.365261888
4.249637447,4.703294584
3.654546775,3.93417581
3.335413641,4.394572604
4.077367938,5.283102201
4.482437421,5.386236665
4.532599493,5.147552615
4.245490733,5.297366915
3.473828073,4.091841432
3.335413641,4.113656873
3.583796678,4.789157022
4.490320344,5.189450712
4.595018835,5.134562379
3.335413641,4.275276265
3.335413641,3.884034969
4.246636373,4.618086411
4.292512127,4.49635928
3.70450671,4.378645927
3.527242489,4.274719782
3.335413641,3.89914038
3.375879574,3.928683446
3.697591395,5.07292128
3.345332249,5.001056228
3.335413641,4.379899374
4.124226937,4.265071381
4.000583182,4.245777266
3.486151088,4.256321678
4.443944537,5.076360611
3.344274234,5.010968572
4.595422835,5.767007634
4.344065128,5.704215714
4.528613063,5.590875034
4.3447141,5.519659296
4.307303088,5.063860055
4.540204907,5.012433676
4.264790325,4.608664075
4.377265318,5.005287688
4.3031187,4.794136286
4.26969745,5.077670695
4.205885937,4.70311326
4.166199999,4.864761378
3.926517452,4.871143315
3.84865713,4.263383855
4.116758157,4.59854831
4.171614198,4.692997896
3.966321779,5.018537324
4.008060194,4.58169683
3.613077741,4.578620851
3.690627925,4.359141762
3.863672744,5.011834575
4.004237489,5.011634794
4.38688979,5.195730778
3.335413641,3.913621727
3.335413641,3.726656818
3.335413641,3.727619282
3.335413641,3.934957977
3.922369297,4.486836999
3.839667343,4.703747749
3.853546076,4.59643212
4.333623895,5.132852927
3.381334753,4.233816608
3.335413641,4.094511215
3.635478677,4.256179925
3.938275377,4.500698164
4.786908239,5.630530546
4.896570338,5.629310334
4.52113619,5.294510128
4.980725764,5.79672622
4.595220855,5.860159246
4.742232836,5.559450104
4.255896358,5.246023572
4.746409298,5.857475907
4.389622711,5.352331955
4.429983118,5.255618612
4.774237627,5.52317944
4.543720224,5.297066585
4.825269107,5.39997102
5.174226981,5.992563943
4.685551298,5.702381494
4.455044727,5.303354658
4.341074423,5.012034315
4.643910014,5.291141683
4.610356713,5.014826499
4.417755682,4.789988623
4.389126372,4.853123416
4.32227663,4.680741373
4.848978738,5.011568192
4.286066244,5.015158383
4.044278585,4.389622711
3.993234261,4.591476859
4.270396506,5.296565834
4.413646418,5.139731867
4.482889551,5.184364486
4.990296523,5.598755237
4.755312844,5.194122838
4.71545854,5.302906819
4.561218298,5.121281814
4.712857991,5.136621628
5.023748933,6.113726427
4.26941769,4.862753811
3.715521385,4.697567035
3.674019591,4.39383168
3.544142658,4.23757873
4.670770643,5.485460614
4.856706812,5.523618588
4.305550476,5.126520233
4.671519567,5.298817242
4.91353685,5.698903927
3.658420247,3.93084476
4.138520925,5.12586693
3.97724879,5.289226167
4.659753064,5.516890489
4.44839941,5.434594985
4.753676394,5.861669025
4.458177162,5.393536633
4.073120926,4.503026712
4.84103251,5.860985634
4.886054204,5.632286473
4.431768727,4.782646691
4.142975984,4.371344786
4.171614198,4.947198388
4.216562195,4.80098365
4.124712099,5.194400253
4.327438444,5.558294168
4.590969837,5.244283478
4.09700768,4.690338198
4.463145686,5.350577693
4.509649984,5.241429504
4.179145164,5.76753944
4.823984379,5.69987485
3.908617212,4.683056725
5.236615523899999,5.933464603
4.716801002,5.069595787
3.729781445,4.098004523
4.588634217,5.191177491
4.303524407,5.52058053
4.820039601,5.937351491
4.513602992,5.069344357
4.156379953,5.003476397
4.243051882,4.702387637
4.759177998,5.605985873
4.511189123,5.7678834
3.643097261,4.228729757
3.780546643,3.937105786
3.784416881,4.234106505
4.821651594,5.636787606
4.778030459,5.633216939
3.883211924,4.701207374
3.461037382,4.149936936
4.44828243,5.005622752
4.49635928,5.701813872
4.546163005,5.249022075
4.166665224,5.010501952
4.239742765,5.007898218
4.685920336,5.189116152
4.510859507,4.792396362
4.424846632,5.485128829
4.128423876,4.691806493
3.967079211,4.593704708
4.263383855,4.519939042
4.138520925,4.590766956
4.433907257,6.110846304
4.382401564,5.8004251
3.671224519,4.368181228
4.495801649,5.07991257
4.385395952,5.068275074
4.319086835,5.341903537
3.515418526,4.228438297
4.43627805,5.563868854
4.182050143,5.133147869
4.11887456,4.796534071
5.224617004,5.705813744
4.482324356,5.444191029
4.532169293,5.010035114
4.40903364,5.594227991
4.712588583,6.062994198
4.130033405,5.083017969
4.977216385,6.06550466
4.572853585,5.008031908
4.122770036,4.998967489
3.954507617,5.196948872
4.241614481,4.80098365
3.90479696,4.715368978
3.335413641,3.920586236
3.401863826,4.245777266
4.614328124,5.242857509
4.626050664,4.937562683
4.235120483,4.773646336
4.132603274,4.408303358
4.824466346,5.56056624
4.207822046,5.530935888
4.043752776,5.297967305
4.086144366,5.12622333
3.801091445,4.881740754
4.271095074,4.93548062
4.095843438,5.391625544
4.263806003,5.604514473
5.085495364,6.176823154
4.931375613,5.384357439
4.586496921,5.247024072
3.54731589,4.368307963
4.457365991,6.0415396
4.290596418,4.881361492
4.292101927,5.007162605
3.94854778,5.020519616
4.204841862,5.242117317
4.461992416,5.447469862
3.582963229,4.236567243
3.335413641,4.241902127
4.338858139,5.522660198
4.632493482,5.185148668
4.241326753,5.020915604
4.726591041,5.883127383
3.94951145,5.440727972
4.430459592,5.001998101
3.747619949,4.942427828
3.880738715,4.700389453
3.983599204,4.78423645
3.555633735,4.505239347
4.287441192,5.433197849
5.236615523899999,6.858060706
5.236615523899999,6.430042007
4.624678652,5.984465108
5.004885462,6.687121077
4.523526197,6.214248034
5.184588601,6.034859229
4.818101772,5.596865192
4.582822322,5.516528775
4.926311212,5.703649132
5.161523515,6.550394386
4.518086079,5.194122838
4.532707014,6.011855237
5.236615523899999,6.477049283
4.257596556,5.007563916
4.635602393,5.301462416
5.073610093,6.036222784
4.631130288,5.519739437
4.180675152,5.021641173
4.558183395,5.85455603
4.442768897,5.637428974
4.44370952,5.603335792
4.131640347,5.192901294
4.79015486,5.566701934
4.430578675,5.296465653
3.971800209,4.498586701
4.262679877,5.080161357
4.368814741,5.343529709
4.375127893,5.075486266
4.07787637,4.598145571
4.245204118,4.767884096
3.839022113,4.608464753
5.124796966,5.604698516
4.906089261,5.856875452
3.969348072,5.193401197
4.515136063,5.072357353
4.095510549,5.294610505
4.72046123,5.481222087
4.405254761,5.860985634
4.768478804,5.403667882
4.425684604,4.873898771
4.049172844,4.234686047
4.512945242,5.184980681
4.209011637,5.019330712
3.646754528,4.79015486
3.696103299,4.599051505
4.368434681,5.854899988
4.754710253,5.701078823
4.31455047,5.352947587
4.493568009,4.867380592
4.240030949,4.775756487
4.568609931,5.140903033
4.108576144,5.137620306
4.235120483,4.697840521
4.020518602,4.611251656
4.437934267,5.242646082
4.474491862,5.252063982
4.764393692,5.519779505
4.174541104,5.595603175
4.446291681,5.245127538
4.751432693,5.521460918
4.401706705,5.705614129
3.619797293,5.011634794
3.503453082,4.502583597
3.909219078,4.879767019
3.983226764,5.07348489
3.839452313,4.614625345
4.230913005,5.022827335
4.928122873,5.635467944
4.634631896,5.706578562
4.186619838,5.189283446
4.524285457,5.522220629
4.161847435,5.396532414
3.946037884,4.937777822
4.029806041,4.80098365
3.645710959,4.788907407
3.731220295,4.51008998
4.556714966,5.599939326
3.435920818,3.929273359
3.749268754,4.874662829
3.999667515,4.602967762
4.410978457,5.524775419
4.115616697,5.530063807
3.97724879,4.624972813
3.335413641,4.50821866
3.781686504,4.518413322
4.711779921,5.475165639
3.819907717,4.619763188
3.637059705,4.701116527
4.29837325,5.473152638
4.185403293,5.59905139
4.130676491,5.888822555
4.485485343,5.243333058
3.335413641,4.624384405
3.384051223,4.116595171
4.785823686,5.69950668
4.799831955,5.802148586
4.287853308,5.347631203
4.015120963,5.244125137
4.025530246,5.245338442
4.533459338,5.702314731
4.415944853,5.699707517
3.763986927,4.864066907
5.045229939,5.600974255
4.803283068,5.566166561
4.326381781,5.400241986
4.25177557,5.071604954
3.762129916,4.786491242
4.322143925,5.389710795
3.988984047,5.017478493
4.68203863,5.38609928
3.354105774,5.291494141
4.261975404,5.477968695
4.071417058,5.194344776
3.597312261,5.073171813
3.867025639,5.669984366
4.146620707,5.136092511
3.442339325,5.012167453
3.776890331,4.859579819
3.335413641,4.377767578
3.335413641,4.506233438
4.284551613,5.737475116
3.676300672,4.511848029
4.35105183,5.434813111
4.75272775,5.525094309
4.241902127,5.566319554
4.238444906,5.885715067
3.884651809,5.012433676
4.271653577,5.522380495
4.543188394,5.482886396
3.335413641,4.254051208
4.618382517,5.708670509
4.098502572,5.600309066
4.023385473,5.524895015
4.423408472,5.561950057
4.339249605,5.59456267
3.479700443,4.704381836
3.493472658,4.698387268
3.335413641,4.083620599
3.815732345,4.596230344
4.527640983,5.598162666
4.305415532,5.006560336
4.236711804,5.308465698
3.911822985,5.400873955
4.80811103,5.990789319
3.850785696,5.01535746
3.746676553,5.199380619
3.911222685,4.786074072
3.335413641,4.954770161
3.702782359,4.509979999
3.403527997,4.498697941
3.335413641,4.063885355
3.335413641,3.664330581
3.940999114,4.50335892
4.854682992,5.296114943
4.515901718,4.700298531
4.164803026,4.490993141
4.608265391,5.299566586
4.727830199,5.296014717
4.529476342,5.000248201
4.266054458,4.601764393
4.979007019,5.701880667
4.68914362,6.012369508
4.936486295,6.17674007
4.463030419,4.941070831
4.194039056,4.864992762
4.660604893,6.175347384
4.543081994,5.991264527
4.994980054,5.483842121
4.825670246,5.62948987
4.434856248,5.003677814
4.293195421,4.871756295
4.537426534,5.144524956
5.202687136,6.214668097
5.010768619,5.992014396
3.947969132,4.935768059
4.374876131,5.346964663
4.071417058,4.862057943
4.508108473,5.246181612
5.127825562,6.311226513
4.30662937,5.236441963
4.065430552,5.076485455
4.156693187,5.242804657
5.122236297,6.062272437
4.195395806,4.796946902
4.814539304,5.599532453
4.565805462,5.397845909
4.457134107,5.697898531
4.151512235,4.784069226
4.104129863,4.864066907
4.923696642,6.014717099
4.55902153,5.195398313
4.428074948,5.14107859
4.846546506,5.963296527
4.01259206,4.860122434
4.794219064,5.341137364
4.568609931,5.304050898
4.177919486,4.863603658
4.388505601,4.604169686
4.878854749,5.990639207
4.742320024,5.826118095
4.688959712,5.914502506
4.217004575,4.608962984
4.427716761,4.948334268
3.335413641,3.907412393
4.797607077,5.885270351
3.886089623,4.084462562
4.019980147,4.619960271
3.971234865,4.510969391
3.804660487,4.38152651
3.798182189,4.257738109
3.831680253,4.084462562
4.050392675,4.277360322
3.948162052,4.374624305
4.032823706,4.601362948
3.71210758,3.90459549
4.182660643,4.272490748
4.296060166,4.606669062
3.909820582,4.615912283
4.148674907,4.380650688
4.564035643,5.186211933
4.44370952,4.508438997
4.325985244,5.132085671
4.11887456,4.857328702
4.429387206,5.007831367
4.037950562,4.506785284
4.378144107,4.802051894
3.965374181,4.07090533
4.477109516,5.122772794
4.401829262,5.016816153
3.993234261,4.50313746
3.335413641,3.67478053
4.348728349,4.790985632
4.573473099,5.524376663
3.829293358,4.882119872
4.169761202,5.437513932
3.58850648,4.513931706
4.249637447,4.93842296
4.437934267,5.007229501
3.817492522,4.704291277
3.860940215,4.690338198
3.969348072,4.229749199
3.341447377,4.110217911
4.140273494,4.852342715
3.451890496,4.096176217
3.711863291,4.378018613
3.626738058,4.495690085
3.444895237,4.071928523
4.021953065,4.584559232
4.580775029,5.006225586
4.286478927,4.486724431
4.71088064,5.47884565
3.875359021,5.011235114
4.091674334,5.005689752
3.425889994,4.368561384
4.213016092,5.137502866
3.577947893,4.23757873
4.343935284,4.934761662
3.819249605,5.134032172
3.629394807,4.503026712
4.812428228,5.710791189
3.891820298,4.800819203
3.749033377,4.366151286
3.526360525,4.072098953
3.854817532,4.500476115
3.677565694,4.506012614
3.335413641,2.989211057
4.178379291,4.805413517
4.057334737,4.71115051
3.769998505,4.621437158
3.335413641,3.903587527
3.335413641,2.949688335
3.335413641,2.940747965
3.898532415,5.240370407
3.335413641,3.899342952
4.509649984,5.47884565
3.958333908,5.141312618
3.715764783,4.600459106
4.172385267,5.127469732
4.285240366,5.007630785
3.335413641,4.097506226
3.592093185,4.506012614
4.154027564,5.187832633
4.546693256,5.483343596
4.344324767,5.143941661
3.654029177,4.505239347
3.335413641,4.098336583
4.447580265,5.436120871
3.845883203,4.694919478
4.023922098,5.429214041
3.747619949,4.706010501
4.058199116,5.191010514
3.335413641,3.003204288
3.335413641,3.020424886
3.335413641,2.955430977
3.335413641,3.045474365
3.335413641,3.725693427
3.335413641,3.406848053
4.249780131,5.248706866
4.336375289,4.865455368
4.242045918,4.79974964
3.742894042,4.58394655
3.867443962,4.49635928
3.969348072,4.774659764
3.335413641,4.237145361
3.335413641,4.217004575
3.839022113,5.011901159
3.814189645,5.431930006
3.437207819,4.503912354
4.033532423,5.008900457
4.959552504,5.85555891
4.910151756,5.853494748
4.844738116,5.632358078
4.684443367,5.635896134
3.818591061,4.498364182
3.964615456,4.611847841
3.385745277,4.237145361
4.428671642,5.306335138
4.195245147,5.297116646
4.249352018,5.130785895
4.458408805,5.143474781
4.248066579,5.019661105
4.277499105,4.786741461
4.387884444,5.132970914
3.805773206,4.509870006
3.682358237,4.489871562
3.581015808,4.261834449
3.640214282,4.228438297
3.808438689,4.381026134
3.930059368,4.382151627
5.230573714,5.802752615
4.71124045,5.697663794
4.705829669,5.522380495
4.670021158,5.346535939
4.267316996,5.010635294
4.49110523,5.389619525
4.673296015,5.593595516
4.430578675,5.990313885
3.95623126,4.698296164
4.161068194,4.400357591
4.337552145,5.075861079
4.369068034,5.010635294
4.297421451,5.015291106
5.042650624,5.763277046
4.464988155,5.563447035
4.492673155,5.198054945
4.849527134,5.302857047
4.657857508,5.073109185
4.278470047,5.002334269
4.831907273,5.765253797
4.319752215,4.702750514
4.180828022,5.01422883
4.240607069,5.443629098
3.823847315,4.800078858
4.052654135,4.613832559
4.471410196,5.480763916
4.277082699,5.012367127
4.711779921,5.245760116
4.28689144,4.87557893
4.318687394,5.396305775
4.156379953,4.60736777
4.434144589,5.593744369
4.592186258,5.39838892
4.566741159,5.065565301
4.481419379,4.876951509
3.91939576,4.87504464
4.105943698,5.629094847
4.560695696,5.634611016
4.580365067,5.795328001
4.517540436,5.703315699
4.893277168,5.562833161
4.485034385,5.520900761
4.492225427,5.47495614
4.517867858,5.13732668
4.362588941,5.137385412
3.949704072,4.603568905
3.546739687,4.883634909
4.253767036,5.34834486
3.844814256,5.47976354
4.396052806,5.705381196
4.911624944,5.666045993
4.312140507,6.041254212
4.529799879,5.773370724
4.145829505,5.293907658
4.03653888,5.07704706
4.251205851,5.079974772
3.606041176,5.473572347
3.874736421,4.621437158
3.965184554,4.488186831
3.958333908,4.939210897
4.148359151,4.870453263
3.773909703,5.520540494
4.245204118,5.524655809
4.122770036,5.394309132
4.292375413,5.196118514
4.488524004,5.43838361
3.542696944,5.020387586
4.461415282,5.792952631
4.620551288,5.671121532
5.192956851,6.42923549
4.25177557,5.004214726
4.579339426,4.861284189
4.178992036,4.493456196
3.335413641,3.420346201
4.609062601,5.989212012
4.207822046,5.012500221
4.410492607,5.79557131
4.511408806,5.52589109
4.566948973,5.026639868
4.567364471,5.189227684
4.415340514,5.016749895
4.022669526,4.602065371
3.916015027,4.505681287
5.124618527,6.309590952
4.459566212,5.642651475
4.729421148,5.436687036
3.934957977,4.613039144
3.559909073,4.611251656
4.154969184,4.690613668
4.612939923,5.512783377
3.602504238,4.256746818
5.126698333,5.801634875
4.371597439,4.87504464
4.460606735,4.947695494
4.508769412,5.081155887
3.772760938,4.098668534
3.335413641,3.374511116
3.335413641,3.65790465
3.335413641,4.219654753
3.335413641,4.247637732
3.335413641,3.73576304
3.335413641,3.700808025
3.335413641,3.378610883
3.335413641,3.401197382
3.66586668,4.602967762
4.55744945,5.77116071
3.8823882,5.134856817
4.118386557,5.396804313
4.662872896,5.798759266
3.739572568,4.59764192
3.535145354,4.602366259
3.883829271,4.485372623
3.36729583,3.914021008
3.373826185,3.933197241
4.489647095,5.915339157
3.835573833,4.707094806
4.209902903,4.949114437
3.988428337,4.7061913
3.696351469,4.612741451
3.335413641,4.790819533
3.607940512,4.59532185
3.541828511,4.10313911
3.335413641,3.71235181
4.759092268,5.989237068
3.516904189,4.789489745
4.866379938,5.861014118
4.502915952,5.345344072
4.978318693,5.882430626
3.827771453,4.605770006
3.881357591,4.517322095
3.535728275,4.370586445
3.418382206,4.092509546
3.335413641,4.08176578
4.391976966,4.943283932
4.053001599,5.07072644
5.105096629,5.989287178
4.035478809,4.076010856
4.052654135,4.068513802
4.565077092,5.557407045
4.530231099,5.939881737
3.532517999,4.38252651
3.335413641,3.935153423
4.302712828,5.294208939
3.583518938,4.237289838
4.167595024,4.23757873
3.335413641,4.380024632
4.47038086,5.302209781
5.043425117,5.701145668
4.451436086,5.442028024
5.065754593,6.552422291
5.000046093,6.309445439
5.236615523899999,6.252635793
5.19473305,6.214968034
4.735584225,6.213026849
4.936701666,6.091287257
4.62192897,5.598940343
4.435448911,5.993437599
4.831030045,5.699540155
4.679163866,5.514436303
5.224509349,6.311172037
5.236615523899999,5.992763703
4.615516478,5.294510128
5.04613113,5.519178315
4.921876937,5.766193735
4.842374421,5.599273448
4.858648937,5.860558277
5.236615523899999,5.853523446
4.839767887,5.349390637
4.703838358,5.595194534
4.783065294,6.396045932
5.202797165,6.130878603
4.966613742,5.665180237
4.711420306,5.450351522
5.236615523899999,7.209650859
4.740400135,6.398178875
4.775672166,5.524097439
4.649282761,5.795936163
5.127113775,5.60719815
5.236615523899999,6.234449941
5.137385412,6.130965586
4.561427263,5.018603464
4.174233412,4.869532453
4.525477417,5.294409742
4.935768059,5.63400358
4.915005063,5.76713279
5.016816153,6.363131546
5.010501952,6.110469059
4.523092075,5.195896969
4.677862871,5.639421715
4.790736473,6.214608098
5.154331516,5.993861672
5.00354354,5.742073268
4.131319165,5.002401489
4.64294755,5.563408678
4.76319905,6.171554449
4.562053895,5.290738721
4.733563401,5.52776103
5.236615523899999,6.347634363
5.089754499,6.110402471
4.375127893,5.391443345
4.514479321,5.675040006
5.236615523899999,6.307424262
4.826391892,5.858133134
4.754279609,5.440207478
4.500920165,5.304746654
3.989909544,5.474243516
4.235120483,4.919542874
4.456206033,5.561143063
4.645640119,5.522740099
4.139158578,5.299167006
4.056988776,5.389619525
4.066287964,4.867226711
4.569024739,6.060197385
4.917056947,5.887270018
3.773450356,4.26112938
4.180369342,5.070600875
3.680343123,4.584967479
4.37298589,5.597940362
4.037597828,5.009301071
4.273187855,5.828710296
4.094011173,5.994709277
4.877408617,6.310172791
4.630545492,5.677027737
4.098004523,4.870453263
4.468319003,5.476086912
4.252344965,5.303951465
3.745496055,4.604269781
3.999850716,4.938136283
4.522657764,5.79994078
4.69701984,5.598829283
4.905200702,6.083222972
4.704472387,5.911203066
3.536602019,5.082335608
4.357862008,5.704382295
4.844738116,6.065272474
4.466367783,5.525532617
4.165113633,5.676034365
3.704014342,4.598749618
4.881513214,5.701446415
4.268997904,5.293706754
4.873057631,5.856217398
4.076519977,4.596028528
4.622420539,5.298217362
4.45225208,4.699479865
4.464527856,4.871986066
4.211831258,4.593198814
3.871201011,4.492561242
4.429267981,4.703747749
4.487961985,5.015291106
4.500476115,4.849527134
4.282206299,5.132262782
4.54584472,5.073610093
4.347564581,4.851717715
4.237000863,5.077982368
4.35504077,4.617098757
3.87245023,4.585579536
4.357221516,5.000180836
4.005877581,5.303056121
4.538602942,5.142481935
4.241902127,5.002132582
4.094844437,5.004013418
4.006605648,4.872598529
3.848230872,4.698296164
4.309993432,4.937921222
3.698334613,4.270955399
4.449802099,5.299816243
4.421487704,5.591658397
4.02123609,4.943426544
4.162937354,4.775672166
3.489513463,4.61254294
4.583640067,5.081280134
4.445353485,5.249337184
4.188745238,4.874662829
4.462915138,5.402497185
4.383275854,5.015490157
4.000583182,5.245074805
3.478775516,4.487624622
3.859044081,4.789323398
4.263102323,4.934186122
4.294424174,6.719689254
3.953548752,4.783651043
4.678606504,5.473194616
4.583333491,5.387700928
3.437207819,4.25561271
3.788951008,6.085683222
4.330996464,5.133973243
4.309321524,5.074986298
4.028916757,5.908218799
3.467921014,4.868994922
4.07090533,5.135798437
4.695102293,5.828798548
4.393584584,5.395171808
4.383275854,5.123011145
3.873490056,4.520809837
3.513334882,4.496470769
4.05161102,5.340274716
3.733135545,4.78840799
4.044103346,5.185876287
4.337160013,5.298667305
4.099332104,5.01422883
4.080414657,4.776430795
3.892024359,4.794550107
3.925531355,4.78857449
3.93808054,4.703657133
3.922369297,4.790819533
3.890390705,4.610257225
3.65351131,4.61630793
3.441058915,4.392719264
4.646599996,5.395852342
4.783483721,5.294510128
4.439587745,4.943711709
4.748837536,5.478302864
4.840953518,5.291040958
4.953712147,5.437905381
4.940856399,5.242223092
4.244056835,4.876265455
4.216709677,4.700116663
4.365261888,5.298567335
3.947003974,4.259576475
4.02820476,4.24247717
4.176231722,4.865532448
4.644102396,5.99436035
4.033886593,4.856862321
3.988613608,5.434289528
4.057853454,4.60386934
3.94022166,4.612939923
3.335413641,3.008154794
3.335413641,3.888549649
3.504956616,4.078892458
4.259293869,5.306731865
3.941775964,4.79015486
3.612808017,3.673258073
3.708927149,4.600358629
3.632309103,5.098279804
4.200804473,5.200373722
3.598133841,4.685459017
3.99654796,5.072294674
4.097672352,5.079663721
3.740285242,4.089666973
4.343025897,5.142481935
4.434381865,5.401595716
3.661251287,4.499920775
4.45423101,5.34848753
4.013134507,4.786074072
3.787819402,5.016484819
4.017103482,4.799914263
3.809547214,5.016816153
4.030339232,5.003409249
4.327966358,5.079850363
3.897112393,4.493344371
3.684118137,4.40366581
3.891820298,4.388008706
4.26394668,4.79628629
3.784644076,4.700298531
3.656097965,4.604870141
3.456947397,4.10148567
3.909820582,4.499476281
3.929666441,4.620846665
3.335413641,2.937043277
4.034063631,4.793225275
4.110545942,4.78256295
3.838161157,4.708268144
3.335413641,2.901421594
3.335413641,4.115616697
4.210793375,4.784905067
3.335413641,3.359333178
3.774139298,4.50777784
4.247065649,5.735959206
4.176385273,5.076922286
4.021415382,5.304448532
4.196901151,5.068338004
3.75490125,4.372733588
3.335413641,3.403860499
3.335413641,4.103799721
4.044103346,4.862135286
3.649098584,4.780886644
3.344274234,4.391605609
3.63072054,4.394202211
3.864721732,4.399375273
3.696103299,4.939497266
4.17776617,5.178519803
4.326513925,5.300913992
4.511957804,5.350720045
4.043577445,5.000786958
4.067487108,4.788241462
3.726897521,4.86968598
5.236615523899999,6.74563627
4.349503443,6.619459685
4.836678654,4.868149646
4.998225274,5.3499606
4.335066046,4.587209861
4.614328124,4.795046467
4.668802046,4.864684239
5.236615523899999,6.957268991
5.236615523899999,6.64548101
4.73523307,6.519574925
5.236615523899999,7.468045125
3.891412052,4.221564412
4.597541159,5.516287559
4.587617027,5.394036554
4.236278058,4.594614672
5.100597868,6.478140911
5.236615523899999,6.038348133
4.865378281,5.596494176
4.824626949,5.858532975
4.884996482,5.512702676
4.68527443,5.520180098
4.649187071,5.308317201
4.424007957,4.792396362
5.236615523899999,6.03787092
4.934545873,5.39838892
4.81866736,5.308564683
4.663156035,5.30464729
4.836440625,6.362027603
4.474947599,5.632429678
4.896346148,5.597050649
4.967379785,5.883183103
5.123070723,5.63489674
5.236615523899999,6.618725632
4.830152047,5.481971369
4.469694046,5.006894974
4.446643278,5.245970886
4.065945088,4.626442321
4.522114611,5.013098924
4.24563401,5.304249735
4.24792365,5.013564334
5.11433443,5.859645972
4.9682148,5.988083839
4.714293613,5.519258494
4.352082758,5.191511362
4.31039636,4.93842296
4.734442522,5.634075062
4.907494535,5.299117047
4.457713717,5.479721836
4.414372811,5.139849046
4.370333536,6.429316171
5.002267044,6.196607047
4.198404232,4.787408406
4.758577733,5.989988458
4.349115971,5.593781579
3.829293358,4.781054401
4.767118953,5.965505508
4.74675655,5.304299438
4.827113017,5.630243571
4.851014123,6.311807402
4.576359104,6.396779644
4.778703237,5.130904126
4.604670061,5.29169549
4.694279361,5.301063592
4.338335946,4.852733142
4.226395693,4.696289779
3.811318301,5.296114943
3.941775964,4.380024632
5.091293197,5.967632814
4.856706812,6.151433979
4.510859507,5.388066659
4.106767082,5.480888892
4.955897478,5.992988385
3.535145354,4.697293475
4.544995463,5.705015048
4.955333978,5.635146682
4.734793954,5.520099992
4.299459911,5.393354782
4.410735561,4.94021283
3.999667515,4.852264611
5.236615523899999,6.060290738
4.579339426,5.705214782
4.631714741,5.287812382
4.573266637,5.304100611
4.381276353,4.782144136
4.591780949,4.949893999
3.592093185,4.364753306
5.236615523899999,6.634515085
4.994099325,6.745412805
4.29701326,5.009634794
4.047252955,4.795873187
4.46383701,5.01422883
3.931041011,4.933034048
4.17438727,4.799173248
4.360930671,5.303304908
4.315085229,5.298817242
4.916251352,5.886520611
4.097506226,4.877789381
4.514260311,5.52807897
4.420886706,5.396396437
4.548176464,5.699908313
4.129872568,5.438600912
4.300545393,5.251330575
4.749010756,5.389847684
4.514917197,4.858183171
4.582106246,5.669915405
4.530769863,5.991739509
4.690797272,5.85901828
4.226249633,5.772157377
3.63995178,4.475289265
4.583640067,5.191789503
3.907412393,4.867688285
4.636862633,5.704348981
4.89686918,5.707209928
4.718498871,5.523698413
4.356708827,5.135504276
3.971423349,4.701298213
4.116758157,4.78840799
4.258869811,5.200263426
4.145512849,4.927905646
3.881976084,4.687671407
3.871617591,4.953006181
4.941856685,6.287821385
4.541591204,6.155791841
5.236615523899999,6.394977751
5.236615523899999,6.308134871
5.079477043,6.274837348
4.90771624,6.270685929
4.922168313,5.859446295
3.746912485,5.254522207
4.51008998,5.558178501
4.216414691,5.989988458
4.982304404,5.993138146
4.509099717,5.942536873
4.783065294,5.522819994
3.851423383,4.22566518
4.195697056,5.306335138
4.378395048,5.196395377
4.573782713,5.060313952
4.729421148,5.293807211
4.417514428,4.693364197
4.810394136,5.940855229
4.25362492,4.861980595
4.725084283,5.832527431
4.567156744,5.52589109
4.689787032,5.393945678
4.431768727,5.342094989
4.171305603,5.393627546
4.817293234,6.215427762
4.806804054,6.018982433
4.970993159,5.938959993
5.080472254,5.991664527
4.512835575,5.631211782
4.003872659,4.783651043
3.91442013,4.711060561
4.014399072,5.021245473
4.508989628,4.784654388
3.335413641,4.378771342
4.148832748,5.701245927
4.778282804,5.698669425
4.462338537,5.562103696
4.644871553,5.440120702
4.506233438,5.301312876
3.584906864,5.010835274
4.761831996,5.671706841
4.406109305,5.561335264
4.23598879,5.443456132
4.24046307,5.248969547
4.96932707,5.943979781
3.335413641,4.615813346
3.463232773,4.38651654
4.307033656,5.002334269
4.327174383,4.945349827
4.198103797,5.299916088
4.318687394,5.710162082
4.442886523,5.706246104
4.56995743,5.85469936
4.934545873,5.85567346
4.483567364,5.706977366
4.213460043,5.828386638
5.004885462,5.96834944
3.824720677,6.109025336
4.959903246,5.970904633
4.333755086,5.517051209
4.130515759,5.080845202
3.50465609,4.615021502
3.335413641,3.057297629
3.661508257,4.498364182
3.80666249,4.495243707
4.338858139,5.401505524
3.60631273,5.523658501
4.206631038,5.390942126
3.701548857,4.61343593
3.663561646,4.800654729
3.966700567,4.872675061
4.791234729,5.701346176
4.6226171,5.707043817
4.331391019,5.909332158
4.63336884,5.706379101
4.629862799,6.088999523
4.868764463,5.912908234
4.051089054,5.348439976
3.688379329,5.59897736
4.49635928,5.884602905
4.244343779,5.989312233
5.073797869,6.086138161
4.520047933,5.518977838
3.712840092,5.708803183
3.989724513,4.776093698
4.673482826,6.090857291
4.215381557,5.245760116
4.062337766,5.477425432
4.496470769,5.63285917
4.72135194,5.59456267
4.714652197,5.69699281
4.166975253,5.860273271
4.494908792,5.597866249
4.742930126,5.700978547
4.688039664,5.732337537
3.768152635,5.295513439
3.676806873,5.185988182
4.943141299,6.043345169
4.957304838,5.935158711
4.64525591,6.171784101
4.718677427,5.517934708
3.770459441,5.195619968
4.134846506,5.561642707
4.145037677,4.246493239
3.63995178,4.786074072
4.959622662,6.017132294
4.51601105,5.765817866
4.320815904,5.249547202
4.392348184,5.001796345
3.686376324,4.871679693
5.236615523899999,6.506516228
5.236615523899999,6.463232244
5.236615523899999,6.289307324
5.236615523899999,6.213707693
5.236615523899999,6.15098649
4.940498912,6.042490306
5.114033886,6.036891921
4.741011409,5.888545493
4.99199599,6.04134935
4.869378902,5.671844511
4.926311212,5.796999556
4.052827882,5.249547202
4.642754946,6.020416369
4.192831509,6.107713073
4.150882413,5.137267945
3.523119986,4.865532448
4.225226615,5.186826991
4.387262901,6.37873174
3.642049867,5.34958066
3.335413641,4.247780701
3.460723361,5.179252259
5.200208273,6.522871906
3.526654599,4.784821514
3.335413641,5.016749895
3.434632158,4.373994463
3.335413641,4.280962432
3.335413641,4.48919801
4.773815312,5.915581924
4.089164502,6.037679971
3.450622265,4.384398819
3.353406718,4.933394214
4.088829382,4.79785453
4.569232079,5.736507779
4.445705411,5.640096923
3.375537635,4.866764924
4.03724497,5.431010908
4.140114296,5.733858942
4.783567386,5.59697647
4.71357606,5.674628257
5.030699325,5.80733135
4.979213424,5.560258465
3.571221411,4.50335892
4.178072778,5.082955956
4.244774041,4.933466231
4.547752915,5.008499682
4.083789048,5.706013318
4.553666343,5.636038823
3.824065727,5.135327738
3.860729711,5.130017051
3.431403224,4.500920165
3.371081758,4.258587006
3.883211924,5.796908453
4.100326634,5.768539722
4.864607093,6.135759677
4.800819203,6.087865041
4.963473803,5.770163048
4.76669362,5.631068402
3.741234684,4.782897874
3.612538221,4.378018613
3.335413641,4.236422661
3.335413641,4.073971772
3.335413641,3.880119456
3.569250967,4.507336826
3.335413641,4.795046467
3.90479696,5.188167623
4.305685401,5.243438705
4.14234076,5.34596402
3.978933711,5.293857436
3.981922133,4.702750514
4.873669439,6.39582905
4.816645932,5.994235704
4.631325143,5.700844831
4.273745191,5.992863568
5.100110301,5.995655752
4.831986983,5.854441351
5.128833059,5.990088601
5.001930853,5.518376165
4.213312081,4.690797272
4.469350463,5.13732668
4.882423063,6.110358077
5.147145579,5.938248353
4.487062098,5.797546004
4.782897874,5.481638424
4.678420648,5.829856967
4.162781724,5.700075613
3.865350597,5.205653682
5.236615523899999,6.55075171
5.21384821,6.551208898
4.456089963,6.19311885
5.236615523899999,6.907495245
4.772801027,6.061689992
4.914271226,5.862579486
4.319885238,5.28902432
5.236615523899999,6.214248034
4.823421791,5.941906588
5.208720833,6.800615403
4.473807868,6.13222599
4.502694394,6.155537269
4.915665057,5.800001332
4.637056375,5.598421959
4.678327707,5.246866165
4.511408806,5.559604128
4.728183962,5.600567803
4.598145571,5.796483192
4.108904714,5.248759408
4.553982149,5.702648499
4.938494616,6.038872805
4.931159093,5.630638141
4.592793915,5.139731867
4.66192852,5.519098129
4.869916227,5.525771613
4.02731405,5.010435274
4.864066907,5.521460918
5.1075805,5.700109069
4.768139014,5.293304825
4.543294782,5.301063592
4.325720798,5.297817242
4.935193099,5.703982455
4.848430041,5.483343596
4.703657133,5.523538758
4.877484781,5.391989842
4.377390906,5.31266396
4.448984103,5.263415315
4.733387484,5.013564334
4.913022465,5.664903037
4.428433007,5.293857436
4.539030383,5.770131855
4.29837325,5.66787892
4.307303088,5.521140867
4.585477553,5.384495063
4.416790315,5.30051495
4.299052551,5.253372301
4.853903508,5.988434963
4.533136983,6.213927867
3.788045826,4.864761378
4.065430552,4.99396376
4.186923744,4.783483721
4.127134385,4.782730426
3.390136434,5.239681391
4.21597205,5.13066765
4.935552488,5.940828931
4.966544073,5.992314186
4.724640686,5.914367497
4.422208424,5.189729426
4.415582293,5.701045399
3.73289634,5.299067085
4.138680376,5.5198997
4.118549251,5.25248283
4.539350845,5.526090186
4.377265318,5.295964601
4.068171688,5.131849474
3.683615624,5.197502061
5.162211234,5.859931157
5.176714545,5.93740427
4.770854102,5.56471196
4.01566204,4.799008503
3.789403292,4.944424264
4.814052528,5.636965805
4.114637265,5.43581588
4.527100531,5.557368456
4.36500763,5.772219636
4.422808628,5.799819663
4.121959729,5.634468123
4.273605886,5.393309314
3.918402612,4.873287103
4.392842927,5.437122329
3.697343533,4.863680881
4.325720798,5.191288794
5.030241824,5.857475907
4.829912459,5.702147806
4.566117459,5.598755237
4.213312081,5.558795238
3.548754946,4.494797129
4.110709916,4.406597289
3.335413641,3.689129423
3.335413641,3.945651186
3.667400422,4.077537444
4.061304708,4.391357962
3.374853406,4.094511215
3.587400285,4.715727177
3.335413641,3.902578547
3.335413641,3.732657076
4.009512627,5.006694205
3.785552341,4.382151627
3.842029634,4.367420482
3.461351304,4.248066579
3.370050653,4.245490733
3.335413641,3.660737148
4.28661645,5.06354395
3.568969157,4.874433673
4.100160948,5.395897695
4.023206534,4.492001488
3.673511977,4.380650688
3.547603867,4.238011912
3.335413641,3.909219078
3.335413641,3.695110004
4.341595189,4.790404164
3.888344878,4.600157644
4.134366237,5.34610703
3.986388087,5.249757176
4.39172941,5.189283446
4.306090069,5.006894974
3.555919327,4.500698164
4.333492688,4.388132953
4.146937012,4.24247717
5.094486126,5.350909817
4.935264987,6.086615623
4.987639574,5.435162014
4.620058798,5.070161273
4.654626795,5.252273428
4.447111881,4.943996792
4.178685711,4.692723083
4.099000374,4.941570991
3.949896658,4.687395126
4.12049952,5.068023311
3.335413641,4.246063717
3.744314161,4.506343832
4.251490751,4.867303655
4.009694033,5.192512308
3.903385812,4.373868447
3.335413641,3.913422026
3.780318514,4.107589789
3.408172995,4.112511866
4.154812309,5.194843958
4.284827171,4.70157068
5.236615523899999,6.273556021
4.749010756,5.705547583
5.196616812,6.172785604
5.001123534,5.735378036
4.941499555,5.989813184
5.07467369,5.884352498
4.808845454,5.356020077
4.830231896,6.552194
4.761062206,5.435118408
4.973417906,5.521620905
4.645928178,5.137620306
4.311335894,5.297867265
4.203647297,4.595523809
4.526667958,5.305541212
4.747624154,5.292349595
4.191017449,4.874204464
4.794467357,5.521660898
4.888542987,5.855616187
4.085135623,4.78615752
5.159974417,5.628160537
4.971062519,5.522540335
4.639764831,6.216067034
4.958007777,5.856417721
4.309321524,5.299816243
4.74701691,5.695414225
4.933898228,5.519338667
4.830790667,6.549164215
4.997279839,6.398478455
4.880298792,5.704415608
4.868610794,5.521260898
4.666077121,5.191900738
4.772801027,6.063226913
4.450852826,4.947269418
4.660131744,5.55667361
4.873975203,5.70687768
5.236615523899999,6.311190196
5.217215765,6.111533856
5.05675523,5.520059937
5.007229501,6.111644707
4.969604945,6.311734809
5.058599721,5.96729992
4.871449852,5.889210313
4.396299294,5.133206846
4.589751933,5.297967305
5.05299211,5.9696023
4.679256729,5.863687992
4.656528478,5.628879315
4.131800899,4.795294555
4.100160948,5.291997438
4.60386934,5.076485455
4.717426868,6.107935611
4.407816206,5.599199434
4.683704064,6.550651672
4.688867745,6.363700291
5.166898028,6.132638536
4.647942278,5.520059937
5.236615523899999,6.523077607
5.17733547,6.461014949
4.599353301,5.706046576
4.585273554,5.565209825
4.873822333,6.016571708
4.902901594,5.858590082
4.879767019,6.410503775
4.901341126,6.252346945
4.340683671,4.862753811
4.243051882,4.866379938
4.362461479,4.591071262
4.704834509,6.083815808
4.789656066,5.703515772
4.680370419,6.064273462
4.749357106,6.154836862
3.949896658,4.713396591
4.11887456,4.61045619
3.554204551,4.69711106
3.75114978,4.25830412
4.53999146,4.693181063
4.211683055,4.789240213
3.921775297,4.622911867
4.50777784,5.201090351
4.089666973,4.378269586
4.616209033,5.442287832
4.196600263,4.601262561
4.812021741,5.243755579
3.969914484,4.067144642
4.625854777,5.941591297
4.432719749,5.077109441
4.196299285,4.614922477
3.39618484,3.427839313
3.644404964,4.244200318
4.55240212,5.140844508
4.664758977,5.356020077
3.964425684,4.721173862
3.348499593,4.107096246
3.58240721,5.012566761
3.476304854,4.504133642
3.534270336,3.913621727
3.335413641,3.900355201
3.660737148,4.714741822
4.890875306,5.706312605
4.437343075,5.299067085
4.768223972,5.254835588
4.456438132,5.016219672
3.795489189,4.776936229
3.785325352,4.617493936
3.687378328,4.86437562
3.335413641,3.885268268
4.334803991,5.076984675
4.931447776,5.702748607
3.987315989,5.294610505
4.306359756,5.306186325
4.876646654,5.858104568
5.236615523899999,6.109136465
4.482550472,4.865609522
4.695559186,5.296365463
4.989002994,6.397246272
5.236615523899999,6.272273051
5.040647068,5.714524571
4.756516938,6.106911523
4.018902367,4.383525511
4.768223972,5.007497042
4.661550519,5.131672289
5.236615523899999,6.326739639
5.236615523899999,6.109314247
4.676467068,5.251906869
5.204446151,6.216985271
4.958288814,5.441118165
4.906459262,5.668431597
4.885072071,5.257078619
4.624972813,5.202797165
4.618678536,5.445702353
4.841743158,5.072231992
5.116255776,5.563063408
4.537426534,4.793390975
4.100657924,4.506233438
4.950672953,6.215747449
5.042004754,5.941617575
4.82775358,5.559527119
4.754021133,5.018669599
5.186547466,5.99490861
4.496470769,5.1965061
4.795294555,5.193290129
5.076360611,5.992489022
4.424367475,5.082955956
4.558078578,5.074360985
4.38414938,4.70682384
4.689695141,4.93634269
4.284275979,4.504023004
4.770769367,5.630243571
5.156465742,6.013372799
4.562993107,5.148017596
4.653674595,5.298967155
4.479039909,4.710430697
4.549023025,5.790938286
5.002401489,5.669052994
4.297557478,5.009434574
4.348211286,4.863217453
4.366405254,5.011568192
4.390986376,4.692539832
4.445705411,4.877180089
4.476313564,5.079290331
5.199932465,5.963219382
4.887940214,5.738119487
5.000988917,5.737571798
4.62399194,5.52788027
4.329021349,5.142014372
4.43627805,5.129188404
4.516885271,5.131199643
4.454463569,5.017213609
4.206184044,4.776430795
4.079400115,4.872139217
4.836519974,5.477801569
4.18235544,5.014029527
4.613039144,5.396079084
4.630935394,5.077483646
4.292101927,5.070475294
4.231784971,4.941856685
4.649761069,5.199711763
4.55345575,5.191956351
4.416428061,5.349248095
4.571199666,5.085433504
3.647275904,4.624090071
3.958906591,4.800325701
4.610555658,5.561219948
4.767459089,5.521860838
4.165424144,5.246076255
4.180828022,4.863603658
4.053348942,4.866302923
4.433313679,5.431930006
4.226395693,5.078792261
4.711779921,5.436861176
4.463145686,5.485336207
4.291007236,4.796203683
4.151197374,5.305243327
4.096176217,4.49110523
3.994524227,4.602867537
4.463145686,5.518536646
4.165889729,4.930437019
4.282068168,5.189227684
3.879706404,4.081090447
3.823847315,4.396052806
3.837083919,4.347176357
3.707210411,4.791732737
4.1846422,4.785406236
3.91621421,4.863989714
3.993602992,4.697658205
3.977810746,4.791400759
4.090838423,5.009968405
3.566429294,4.411342689
4.059062748,4.789157022
4.204692619,5.244547323
4.636281181,5.596457067
3.984157603,5.134503481
3.605497845,4.800654729
3.521052343,4.103304304
3.927108643,5.083761832
3.583518938,4.592490133
4.225519013,5.132911922
3.464797963,4.382901252
3.653770277,4.94021283
3.95756982,4.946629964
4.087487775,4.796203683
4.556295018,5.519979822
3.867443962,4.576050287
4.224348909,5.242170206
4.207673248,5.240688254
3.535145354,4.506233438
3.995260604,4.625364893
3.34462703,4.79032107
4.20514028,5.086484606
3.798406279,4.79032107
3.632838063,4.39592954
3.80999028,4.386018656
3.690128674,4.793805105
4.274998062,4.691989878
4.377893103,4.784905067
4.579442037,5.144641574
3.357941873,4.795211866
4.041295341,5.127766265
3.937105786,4.796451484
4.220389669,5.143007682
3.782597458,4.93964042
3.516607233,4.608464753
4.028738805,5.006828056
3.779405481,4.869916227
3.543853682,4.606768907
4.938566268,5.5198997
4.041295341,5.246813524
4.621141955,5.734828843
4.226103552,5.015224746
4.064400686,4.373994463
4.438761348,5.137855144
4.178532513,5.194511198
4.222297927,5.188558303
5.191678256,6.039301877
3.789177175,4.252914036
3.875773873,4.514917197
4.332179662,4.862599215
4.345232974,4.866610947
4.798596523,6.108825271
4.955122584,6.03607934
4.515464273,6.108914194
5.217920429,5.993337791
5.01847118,6.478171643
5.161064773,5.990263827
4.778198696,5.5627564
4.655483,5.297066585
4.77119297,5.704981755
4.370459998,5.303006356
4.481419379,5.006225586
4.594008121,5.013830185
4.654150808,5.238355025
4.480173696,5.888822555
4.354912342,5.290537179
4.979626107,5.521220889
4.083957469,4.37964881
4.575123265,5.197723251
4.618086411,5.559950595
4.871679693,5.703815807
4.670208582,4.778619164
4.603969465,5.440554504
4.768223972,5.707110265
4.433194921,6.111866373
4.411828126,4.779123493
4.557973751,5.13066765
4.080752609,4.393213824
4.396792087,4.874739203
4.26112938,5.062278527
4.339771322,5.005153631
4.336767728,4.995927665
4.585681509,5.246023572
4.767289035,5.299017122
4.365516083,5.522859939
4.291417886,5.859218043
4.377014093,5.301611933
4.351180755,5.634432397
4.932024894,5.386740247
4.791234729,5.394581637
4.240751047,4.707275409
4.2698373,4.687579322
4.640247713,5.433852999
4.773223771,5.304299438
4.453882072,5.487407631
4.768139014,5.633109621
3.727619282,4.229749199
4.53774751,5.344246298
4.419563238,5.069972813
4.095843438,4.494685453
4.137723286,5.302408984
4.005695481,4.852655069
4.377642036,4.770345584
4.448165437,5.023485706
4.003142599,4.861361591
4.229603628,4.950035672
4.236278058,4.771955004
4.436988193,5.524895015
3.943715452,4.775672166
3.740760076,4.691439621
4.342635907,5.127529046
4.708809221,5.67174126
4.72986263,5.631068402
4.730568595,5.700443573
3.847591145,4.872675061
4.745627539,5.527721281
4.797772052,5.671362583
4.893726876,5.704648766
4.415582293,5.197280822
4.131640347,4.621732274
4.19328451,4.602667056
4.284275979,5.66649589
3.833196225,4.623402954
4.032646448,4.878322207
4.170070273,4.858183171
3.837945802,4.613237557
3.635478677,4.704200709
3.575430762,3.910622025
4.175156205,4.59360355
4.05386973,4.228146752
4.844659416,5.85636049
4.302306792,5.634539572
4.473237515,5.306483929
4.649091373,5.127529046
4.765416535,5.707176708
4.34536265,4.607267984
3.950281718,4.39222446
3.840956557,4.625168872
3.335413641,4.242189689
4.580570069,5.347773975
4.381151252,5.385961876
4.500809171,5.797060288
3.864721732,4.401338946
4.543188394,5.204116571
3.896096855,5.299167006
4.341985585,5.192679035
4.078384543,5.138500665
3.780318514,4.789988623
3.929469919,5.357764825
4.329548428,5.517412735
4.500920165,5.473614308
4.055776969,5.188837266
3.900152833,4.856862321
3.335413641,4.096176217
3.442019376,4.605770006
4.41255584,5.290839477
4.795625243,5.857847437
3.764450641,4.244343779
4.207226719,5.522420457
4.169297415,5.667671588
4.05958057,5.436338664
3.75419892,5.735636376
3.785779279,5.019462883
4.308245532,5.630709864
3.945070859,4.695193689
4.352082758,5.438340144
4.586089298,5.598162666
3.617920365,4.710970605
4.008241863,5.29681624
3.674273302,5.012965909
4.318820559,5.829033849
3.745023465,4.86097452
3.767459554,5.008566489
4.430578675,6.063715439
4.870146421,6.358102198
5.15381169,6.181361505
4.877941646,5.692552993
4.470609693,5.537924644
5.087164143,5.602635293
4.842768758,5.110420295
5.134267855,6.4521909
4.946416722,6.205648077
5.202191854,5.86813805
5.201035244,5.709565719
4.837709459,4.989275455
4.770515119,5.537531098
5.125272647,5.752159855
5.101085197,5.416589172
3.847804433,4.925077406
4.856473503,6.152456061
5.236615523899999,5.956433047
5.236615523899999,6.59439978
5.236615523899999,6.108447263
4.924423597,5.165357239
5.236615523899999,7.847840659
5.12116244,5.263363537
4.376637137,4.519503359
4.812915795,5.723552422
4.944210551,5.235803461
4.981412435,6.600196977
5.236615523899999,6.821271036
4.974800841,5.313944622
4.584661309,4.901266757
5.15698419,6.191851111
3.997099178,4.29374172
4.733739287,5.249127122
5.236615523899999,5.924041871
5.169517619,6.483841027
5.041940144,6.58271742
4.455044727,5.715183897
4.822134686,6.397079644
4.349245145,5.135739612
4.511189123,4.84803793
4.454579827,4.80729437
4.201403635,4.410614092
4.670489652,5.110480629
4.652530757,5.358894928
4.718498871,4.996874379
4.964242255,5.537924644
4.317754745,4.742668699
4.021773869,4.442533603
4.824305716,5.135327738
4.426641427,4.779039456
4.230622181,4.528828953
5.236615523899999,5.681025488
4.762430312,5.047545648
3.335413641,3.931629535
5.236615523899999,5.541224329
4.904978438,5.110480629
3.956422593,4.011506284
4.346140356,4.438288814
4.725350346,5.127291769
4.104459896,4.950106501
3.417070731,4.085303818
3.335413641,4.085808231
5.236615523899999,6.312841275
5.13732668,5.946702509
5.236615523899999,6.232742669
4.998090267,5.826442487
5.236615523899999,6.840535834
5.112770614,6.714765013
5.179533831,6.374172668
4.780718858,6.247268881
4.49088104,4.841190475
4.622027303,5.03037256
4.958078043,6.08221891
5.027623507,5.43219245
4.755312844,5.979493175
4.822858887,5.458265494
4.664099254,4.93820796
4.418599615,5.354933967
5.236615523899999,6.175326583
4.189503215,4.665324109
4.694370831,5.318070973
4.489871562,4.779039456
4.700843936,4.967379785
5.069155743,5.901047377
4.624482497,5.159974417
4.515573652,5.074423534
4.882195678,4.966753066
5.236615523899999,6.839637025
4.937132267,5.602672173
5.124380559,5.973020497
5.142890873,5.828916205
4.56100929,5.135739612
4.745106026,5.507321425
5.169062531,5.777621363
5.236615523899999,6.30183112
4.81283455,5.507280854
5.147087417,5.680957284
5.061074891,5.358847866
4.938279632,5.532875523
4.791815714,6.191666951
5.217649463,6.091287257
5.236615523899999,5.633538821
4.002412005,5.034221604
4.749962931,5.43590303
4.760206188,5.828710296
5.079788153,5.130785895
4.522223265,5.354933967
4.475061501,4.705015521
4.94406805,5.135739612
4.774153178,5.882486385
4.870453263,5.262431088
4.497028027,4.912654886
4.781138269,5.42093315
5.063164491,5.692519282
4.829992328,5.50809195
5.236615523899999,6.250920741
5.136151316,6.023665487
4.686934488,5.059234964
5.223917044,6.509499124
5.119190701,6.215907254
5.236615523899999,6.570868957
4.865609522,6.158228205
4.81818259,5.346821776
4.903569622,5.507321425
4.609162207,4.779039456
5.236615523899999,6.327132889
5.224832277,5.636538074
4.919615896,5.968681984
4.30528057,4.543081994
4.406475315,4.481985085
5.176996831,6.20048889
4.80557721,5.472228656
4.891175854,5.007898218
5.236615523899999,5.924255797
4.924496264,5.001661819
4.049870072,4.261975404
4.626050664,4.84803793
5.117993812,6.212145068
4.946914217,5.472228656
4.435567402,4.790487252
5.236615523899999,6.232742669
5.103882742,6.198783548
4.600559573,6.358102198
5.037342137,6.181361505
4.777778051,5.692552993
4.745106026,5.537924644
4.714114273,5.602635293
4.5582882,5.110420295
5.236615523899999,6.4521909
5.236615523899999,6.205648077
5.236615523899999,5.86813805
5.122176669,5.709565719
4.752986561,4.989275455
5.030503279,5.537531098
5.236615523899999,5.752159855
5.109756385,5.416589172
3.902982261,4.925077406
4.821732126,6.152456061
5.197446756,5.956433047
5.236615523899999,6.59439978
5.07704706,6.108447263
4.69015451,5.165357239
5.236615523899999,7.847840659
5.062468443,5.263363537
4.255470856,4.519503359
4.965149664,5.723552422
5.019661105,5.235803461
5.236615523899999,6.600196977
5.036952602,6.821271036
4.919761924,5.313944622
4.765757251,4.901266757
5.236615523899999,6.191851111
4.240607069,4.29374172
4.708628894,5.249127122
5.236615523899999,5.924041871
4.913242948,6.483841027
5.236615523899999,6.58271742
4.602667056,5.715183897
5.236615523899999,6.397079644
4.579031528,5.135739612
4.290185431,4.84803793
4.464527856,4.80729437
4.149779269,4.410614092
4.876494192,5.110480629
4.650717001,5.358894928
4.743278588,4.996874379
4.799090879,5.537924644
4.465563232,4.742668699
4.275137173,4.442533603
4.948334268,5.135327738
4.598346961,4.779039456
4.21980178,4.528828953
4.835329072,5.681025488
4.789489745,5.047545648
3.335413641,3.931629535
5.236615523899999,5.541224329
4.77474417,5.110480629
3.879086505,4.011506284
4.145671189,4.438288814
4.789406575,5.127291769
4.145354483,4.950106501
3.444576105,4.085303818
4.022311359,4.085808231
5.236615523899999,6.312841275
4.947127353,5.946702509
5.236615523899999,6.232742669
5.236615523899999,5.826442487
5.236615523899999,6.840535834
5.236615523899999,6.714765013
5.236615523899999,6.374172668
5.236615523899999,6.247268881
4.54361388,4.841190475
4.638024523,5.03037256
5.091047164,6.08221891
4.655958353,5.43219245
4.657667755,5.979493175
5.031287234,5.458265494
4.633174382,4.93820796
4.800819203,5.354933967
5.236615523899999,6.175326583
4.465218226,4.665324109
4.912801934,5.318070973
4.377265318,4.779039456
4.487737089,4.967379785
4.895598484,5.901047377
4.570475216,5.159974417
4.521027418,5.074423534
4.778198696,4.966753066
4.653674595,5.159285158
5.214120208,5.999531918
4.302712828,4.995724681
4.780299272,5.198718001
4.186467851,4.880526609
4.754968551,5.275151089
5.236615523899999,6.792119935
5.236615523899999,6.960774583
5.236615523899999,6.566109684
4.606669062,6.4903441
5.236615523899999,6.522078092
5.216022124,6.40272947
5.236615523899999,6.822197391
4.989411658,6.050087166
5.236615523899999,6.011267174
5.199546204,5.946624073
4.153399325,4.442533603
5.236615523899999,5.633538821
5.069218618,5.40578067
4.433551152,5.002199815
4.781641329,5.109937495
4.414009681,5.135739612
5.236615523899999,7.333016478
5.236615523899999,6.742373432
4.76037745,5.04915063
5.137091718,5.443239883
5.200153118,6.509499124
5.205050099,6.250940028
4.243626265,4.624874769
4.191320021,4.309187088
5.011901159,5.87535199
5.236615523899999,6.734175402
5.236615523899999,6.713745682
5.100902476,6.287932907
5.236615523899999,7.059316896
4.492337378,6.483871585
5.03773152,6.251537728
4.357349647,4.528828953
4.349761674,4.624188192
4.132121927,4.279993909
